Ἐγεννήθη	γεννάω
περὶ	περί
τὸ	ὁ
1389	1389
,	,
κατὰ	κατά
Νικέρωνα	Νικέρων
1393	1393
,	,
κατὰ	κατά
δὲ	δέ
Βανδίνην	Βανδίνης
καὶ	καί
Βαίρνερον	Βαίρνερος
τῷ	ὁ
1395	1395
,	,
ἐν	ἐν
Τραπεζοῦντι	Τραπεζοῦς
.	.

Νέος	νέος
ἦλθεν	ἔρχομαι
εἰς	εἰς
Βυζάντιον	Βυζάντιον
καὶ	καί
ἐνδυθεὶς	ἐνδύω
τὸ	ὁ
μοναχικὸν	μοναχικός
σχῆμα	σχῆμα
ἐγένετο	γίγνομαι
ὑποτακτικὸς	ὑποτακτικός
τοῦ	ὁ
ἀρχιεπισκόπου	ἀρχιεπίσκοπος
Δοσιθέου	Δοσίθεος
Δωριέως	Δωριεύς
,	,
ἀνδρὸς	ἀνήρ
ἐπὶ	ἐπί
σοφίᾳ	σοφία
καὶ	καί
ἀρετῇ	ἀρετή
θρυλλουμένου	θρυλέω
·	·
αὐτὸς	αὐτός
ἐδίδαξεν	διδάσκω
ἐνζήλως	ἔνζηλος?
τὸν	ὁ
νεαρὸν	νεαρός
Βησσαρίωνα	Βησσαρίων
,	,
καὶ	καί
κατήρτισεν	καταρτίζω
ἐπὶ	ἐπί
τὴν	ὁ
μοναχικὴν	μοναχικός
πολιτείαν	πολιτεία
.	.

Ὁ	ὁ
ἐνάρετος	ἐνάρετος
ἐκεῖνος	ἐκεῖνος
Δωριεὺς	Δωριεύς
βλέπων	βλέπω
ἐπὶ	ἐπί
τοῦ	ὁ
μετώπου	μέτωπον
τοῦ	ὁ
μαθητοῦ	μαθητής
του	αὐτός
κεχαραγμένην	χαράσσω
τὴν	ὁ
σφραγῖδα	σφραγίς
τῆς	ὁ
εὐφυΐας	εὐφυΐα
καὶ	καί
τῆς	ὁ
μαθήσεως	μάθησις
,	,
ἔστειλεν	στέλλω
αὐτὸν	αὐτός
πρὸς	πρός
τὸν	ὁ
μητροπολίτην	μητροπολίτης
Σηλυβρίας	Σηλυβρία
,	,
ὅστις	ὅστις
ἐδίδαξε	διδάσκω
τὸν	ὁ
Βησσαρίωνα	Βησσαρίων
τὴν	ὁ
ῥητορικὴν	ῥητορική
καὶ	καί
τὴν	ὁ
φιλοσοφίαν	φιλοσοφία
.	.

Ὕστερον	ὕστερον
δὲ	δέ
μεταβὰς	μεταβαίνω
εἰς	εἰς
Πελοπόννησον	Πελοπόννησος
διήκουσεν	διακούω
ἐπὶ	ἐπί
πολλὰ	πολύς
ἔτη	ἔτος
τοῦ	ὁ
περιλαλήτου	περιλάλητος
Πλήθωνος	Πλήθων
,	,
ὑφ᾿	ὑπό
οὗ	ὅς
τακτικῶς	τακτικός
ἐπαιδεύθη	παιδεύω
πάσας	πᾶς
τὰς	ὁ
ἐπιστήμας	ἐπιστήμη
,	,
καὶ	καί
ἰδίως	ἰδίως
τὴν	ὁ
φιλοσοφίαν	φιλοσοφία
καὶ	καί
τὰ	ὁ
μαθηματικά	μαθηματικός
.	.

Ἐν	ἐν
Πελοποννήσῳ	Πελοπόννησος
ὁ	ὁ
Βησσαρίων	Βησσαρίων
ἐθαυμάζετο	θαυμάζω
παρὰ	παρά
πάντων	πᾶς
καὶ	καί
διὰ	διά
τὸ	ὁ
σεμνὸν	σεμνός
τῶν	ὁ
ἠθῶν	ἦθος
,	,
τὸ	ὁ
ἀπέριττον	ἀπέριττος
τοῦ	ὁ
βίου	βίος
,	,
καὶ	καί
ἰδίως	ἰδίως
τὰς	ὁ
γνώσεις	γνῶσις
καὶ	καί
τὴν	ὁ
στωμυλίαν	στωμυλία
.	.

Ἐκήρυττεν	κηρύσσω
ἐπ᾿	ἐπί
ἐκκλησίας	ἐκκλησία
τὸν	ὁ
λόγον	λόγος
τοῦ	ὁ
Θεοῦ	θεός
,	,
καὶ	καί
τὰ	ὁ
πλήθη	πλῆθος
συνωθούμενα	συνωθέω
ἠκροῶντο	ἀκροάομαι
τοῦ	ὁ
νεαροῦ	νεαρός
μοναχοῦ	μοναχός
.	.

Ἡ	ὁ
φήμη	φήμη
προτρέχουσα	προτρέχω
διεσάλπιζε	διασαλπίζω
τὸ	ὁ
ὄνομα	ὄνομα
αὐτοῦ	αὐτός
,	,
καὶ	καί
μετ᾿	μετά
οὐ	οὐ
πολὺ	πολύς
δύο	δύο
αὐτοκράτορες	αὐτοκράτωρ
,	,
ὁ	ὁ
τῆς	ὁ
Κωνσταντινουπόλεως	Κωνσταντινούπολις
καὶ	καί
ὁ	ὁ
τῆς	ὁ
Τραπεζοῦντος	Τραπεζοῦς
,	,
ἔστειλαν	στέλλω
εἰς	εἰς
Πελοπόννησον	Πελοπόννησος
πρεσβευτὰς	πρεσβευτής
ἐξαιτούμενοι	ἐξαιτέω
παρ᾿	παρά
αὐτοῖς	αὐτός
τὸν	ὁ
περιθρυλλούμενον	περιθρυλλέω?
μοναχόν	μοναχός
.	.

Ὁ	ὁ
Βησσαρίων	Βησσαρίων
μεταβὰς	μεταβαίνω
εἰς	εἰς
Κωνσταντινούπολιν	Κωνσταντινούπολις
ἐδεξιώθη	δεξιόομαι
εὐμενῶς	εὐμενής
ὑπὸ	ὑπό
τοῦ	ὁ
αὐτοκράτορος	αὐτοκράτωρ
·	·
χειροτονηθεὶς	χειροτονέω
δὲ	δέ
τῷ	ὁ
1437	1437
ἀρχιεπίσκοπος	ἀρχιεπίσκοπος
Νικαίας	Νίκαια
,	,
συνώδευσε	συνοδεύω
κατὰ	κατά
τὸ	ὁ
ἑπόμενον	ἕπομαι
ἔτος	ἔτος
τὸν	ὁ
εἰς	εἰς
τὴν	ὁ
σύνοδον	σύνοδος
τῆς	ὁ
Φερράρας	Φερράρα?
μεταβάντα	μεταβαίνω
πατριάρχην	πατριάρχης
.	.

Κατὰ	κατά
τὰς	ὁ
συνεδριάσεις	συνεδρίασις
τῆς	ὁ
πρὸς	πρός
ἕνωσιν	ἕνωσις
τῶν	ὁ
δύο	δύο
ἐκκλησιῶν	ἐκκλησία
συνόδου	σύνοδος
ἐκείνης	ἐκεῖνος
διέπρεψαν	διαπρέπω
ἰδίως	ἰδίως
Μάρκος	Μάρκος
ὁ	ὁ
Εὐγενικὸς	Εὐγενικός
,	,
καὶ	καί
ὁ	ὁ
Βησσαρίων	Βησσαρίων
·	·
ὁ	ὁ
μὲν	μέν
διὰ	διά
τῆς	ὁ
δυνάμεως	δύναμις
τῆς	ὁ
διαλεκτικῆς	διαλεκτική
,	,
ὁ	ὁ
δὲ	δέ
διὰ	διά
τὰς	ὁ
χάριτας	χάρις
τῆς	ὁ
στωμυλίας	στωμυλία
.	.

Ἀντίπαλοι	ἀντίπαλος
ἐκεῖσε	ἐκεῖσε
κατὰ	κατά
τὰ	ὁ
προτερήματα	προτέρημα
ἀναδειχθέντες	ἀναδείκνυμι
,	,
ἐγένοντο	γίγνομαι
ὕστερον	ὕστερον
πολέμιοι	πολέμιος
κατὰ	κατά
τὰς	ὁ
ἀρχάς	ἀρχή
·	·
καὶ	καί
ὁ	ὁ
μὲν	μέν
Εὐγενικὸς	Εὐγενικός
ἀμείλικτος	ἀμείλικτος
τῆς	ὁ
καινοτομίας	καινοτομία
ἐχθρὸς	ἐχθρός
ἀπῆλθε	ἀπέρχομαι
καταψηφίζων	καταψηφίζω
καὶ	καί
ἀναθεματίζων	ἀναθεματίζω
τὴν	ὁ
ἕνωσιν	ἕνωσις
·	·
ὁ	ὁ
δὲ	δέ
Βησσαρίων	Βησσαρίων
συνηγορῶν	συνηγορέω
τῷ	ὁ
λατινισμῷ	λατινισμός
,	,
διέψευσεν	διαψεύδω
ἐκ	ἐκ
προοιμίου	προοίμιον
τὴν	ὁ
περὶ	περί
αὐτοῦ	αὐτός
ἀγαθὴν	ἀγαθός
τῆς	ὁ
ἑλληνικῆς	ἑλληνικός
ἐκκλησίας	ἐκκλησία
ἰδέαν	ἰδέα
.	.
